imdbId,Genre,umap_x,umap_y,cluster_dbscan
2852432,Crime|Drama,2.3831358,5.024935,1
1646979,Drama,6.5613217,2.9773195,2
360016,Comedy|Drama|Romance,7.324862,3.1768076,2
234041,Biography|Crime|Drama,4.333991,3.801885,2
54135,Comedy|Crime|Music,1.238977,2.743164,3
120371,Drama,5.653002,3.8871684,2
66423,Comedy,3.4849129,1.6540192,4
105150,Drama|Romance,0.39737722,4.2189145,3
83564,Comedy|Drama|Family,0.68966156,2.651919,10
60305,Crime|Drama,3.5970716,6.4074454,5
44789,Crime|Drama|Film-Noir,2.1382732,2.9517987,3
86370,Comedy|Crime,1.2418059,4.143289,3
2815902,Drama|Horror|Mystery,3.4338274,5.977631,5
53017,Drama,0.64753664,4.5659084,3
14945,Comedy|Romance,1.1367981,3.7078724,3
167945,Comedy|Fantasy|Romance,4.242331,2.5579805,4
425210,Crime|Drama|Mystery,7.346022,3.9130273,2
61549,Sci-Fi|Horror,4.113708,6.099039,5
2100093,Animation|Adventure|Comedy,2.678664,5.7278595,1
159241,Short|Horror,2.475932,5.4499636,1
77714,Comedy|Music|Romance,1.1296986,2.540994,3
1974254,Documentary,7.071331,3.286094,2
388242,Comedy|Drama,0.6525947,3.3513267,3
4855748,Drama|Music,3.694395,6.3316803,5
1600429,Horror,6.1720214,4.605777,2
2359427,Documentary|Biography|Sport,2.8400729,2.6869886,-1
75675,Crime|Drama|Mystery,3.9588203,5.766117,5
1331115,Documentary|Music,1.48335,3.9046378,3
3020226,Drama|Family,4.101491,3.2711146,2
1124388,Comedy|Romance,3.3835037,3.2390738,6
109454,Drama|History|Romance,3.963796,5.0976634,5
58275,Adventure|Comedy|Musical,4.1338224,2.2800028,4
19655,Drama,4.134325,4.8703814,2
116975,Drama|History|War,7.0592313,4.866478,2
245509,Documentary|Short|Music,3.7752764,5.1469164,5
3723790,Horror,3.5143294,1.060125,4
6041048,Comedy|Romance,2.2311077,4.1236444,12
109190,Adventure|Comedy|Crime,3.9696107,6.4367623,5
1800372,Drama|Family,4.778193,1.8531767,-1
1251725,Comedy|Drama,6.397219,4.435633,2
1964773,Drama,5.3607364,3.4131217,2
70903,Drama|Romance,0.7249374,3.1584315,3
2982306,Comedy,6.39623,5.627931,2
81613,Drama,3.5043352,5.562376,5
446747,Comedy,0.59789765,3.5999563,3
411291,Drama|Romance,3.0655324,1.3151956,4
412536,Drama|Romance,3.7579446,3.1447117,4
27938,Horror|Sci-Fi,6.3816457,2.8184505,2
33289,Biography|Drama,7.011779,4.266799,2
167046,Animation|Short|Comedy,2.159381,5.883063,7
1334278,Family|Fantasy,1.7607211,3.1862514,3
2224455,Animation|Action|Sci-Fi,6.385687,2.7522671,2
2043931,Documentary|Music,6.040916,4.3757863,2
81126,Biography|Drama,4.061254,2.4545212,4
319728,Horror|Thriller,2.008276,3.034441,3
2712878,Documentary|Biography|Drama,4.311648,4.038881,2
363282,Comedy|Crime|Family,6.1899486,3.610064,2
34881,Comedy|Fantasy|Romance,1.4638689,2.2929466,3
67799,Horror,3.1640828,4.514729,-1
1459052,Documentary,3.581866,2.7785385,4
1139111,Animation|Adventure|Family,2.0802615,3.8038387,-1
77191,Comedy|Drama,6.416836,2.837253,2
112820,Comedy|Sci-Fi,6.3290954,3.1926546,2
479519,Comedy|Romance,5.0344057,2.6751947,2
70680,Action|Comedy|Crime,0.4403786,3.11888,3
1722426,Drama,5.0752163,4.0105247,2
85210,Crime|Drama|Thriller,6.2812896,3.576003,2
202152,Action|Drama,1.3512793,2.3545809,3
91278,Action|Thriller|War,0.9028093,4.6534386,3
1465513,Comedy|Drama|Romance,0.5365369,3.8710554,3
246278,Comedy|Family|Drama,1.7513422,1.9485123,3
103793,Crime|Drama,0.84991324,2.8805559,3
246002,Comedy|Drama|Family,1.3224951,4.465748,11
460892,Comedy|Romance,2.831688,1.4603982,4
870122,Comedy|Drama,4.694034,2.281761,2
79808,Adventure|Drama|Thriller,0.98553395,2.9745731,3
816711,Action|Adventure|Horror,5.603256,4.571657,2
2461126,Drama|Romance,0.89191234,4.3747163,3
78199,Comedy|Drama|Romance,0.6002252,3.3544922,3
1675434,Biography|Comedy|Drama,4.789137,5.3356514,-1
375912,Crime|Drama|Thriller,6.0741324,3.4761035,2
212517,Comedy|Romance,3.8566995,2.3578446,4
1203523,Action|Crime|Drama,6.218857,4.448926,2
1130993,Crime|Drama|Thriller,3.375906,3.7838032,2
61404,Romance|Western,1.761499,3.5540416,3
1145157,Comedy|Music|Romance,6.2722006,2.6280715,2
1686018,Horror,3.8807995,6.2693396,5
39266,Comedy|Drama,1.0964644,4.361264,3
456123,Comedy,5.699349,4.8299456,2
109449,Horror,3.924719,5.537513,5
97557,Fantasy|Horror|Thriller,6.7674932,4.0424786,2
1717715,Action|Adventure|Family,6.3199463,3.0320766,2
2104837,Action|Thriller,5.614969,3.3727334,2
289668,Drama,2.6014986,1.6849883,13
1349451,Comedy,3.8662333,1.5467411,4
115714,Action|Sport,6.7222486,4.389295,2
2991934,Comedy,7.2717175,3.1359224,2
2239400,Documentary|Sport,3.283997,1.2124832,4
3876372,Drama|Romance,6.0915246,3.7942123,2
1989712,Drama,4.7260847,2.6907804,2
46267,Action|Drama|Romance,1.0320013,4.09676,3
1434443,Crime|Drama,6.2777343,5.744599,2
338176,Animation|Adventure|Family,3.711976,3.9490645,2
67610,Comedy|Crime|Mystery,0.452056,2.831229,3
1594534,Crime|Drama|Thriller,5.567644,4.445113,2
1478338,Comedy|Romance,5.9688725,3.5618181,2
4096620,Documentary|Biography|History,5.328937,4.275262,2
356159,Horror|Thriller,6.4297323,4.6123147,2
3799694,Action|Comedy|Crime,2.6154277,3.0071592,3
323033,Comedy|Romance,3.6155436,3.0551023,4
119147,Documentary|Biography,5.497518,3.7181475,2
119521,Crime|Drama|Mystery,5.493457,2.8541493,2
3568218,Drama,2.9394574,1.152285,4
426627,Biography|Drama|Music,0.32095632,3.8790493,3
978670,Comedy|Romance,3.0755475,1.0439765,4
42395,Romance|Western,0.45676956,3.6793303,3
363473,Biography|Drama|Music,5.4227242,4.842941,2
3693878,Drama|Sport,7.272699,3.2180924,2
1381404,Drama|Thriller,5.518345,2.9818728,2
1392170,Action|Adventure|Sci-Fi,3.8937936,6.1283135,5
67774,Drama|Action|Adventure,1.5535506,2.8908641,3
109922,Action|Comedy|Drama,2.3719244,5.353911,1
75875,Comedy,2.6675844,2.939786,3
293082,Drama,5.6036034,2.7607052,2
945513,Mystery|Romance|Sci-Fi,4.371053,4.218451,2
120550,Adventure|Comedy|Family,3.558549,1.2020122,4
40092,Drama,2.6528614,4.5496707,8
80360,Horror|Sci-Fi|Thriller,7.4177976,3.6726286,2
52792,Crime|Drama|History,0.8864574,3.009458,3
1313254,Drama,2.3511314,4.938364,1
2331880,Drama,1.3652743,5.1968327,-1
1186371,Action|Adventure|Fantasy,0.63187873,4.2119074,3
322802,Documentary|Action|Comedy,4.503518,4.505278,2
148573,Crime|Drama|Mystery,7.056095,3.6719425,2
110189,Comedy|Crime,2.3297427,4.9304385,1
118586,Crime|Drama|Romance,1.4707631,3.6709812,3
211174,Comedy|Family|Fantasy,2.5524251,5.215317,1
179074,Documentary,4.5701275,3.8061502,2
57465,Thriller,4.229914,3.9457397,2
125128,Drama|Romance,5.8076353,3.4207602,2
342492,Comedy|Drama,1.8997291,2.3338819,3
2512236,Drama|Sci-Fi|Thriller,5.069738,2.1343803,2
111070,Comedy|Drama|Family,6.8168364,3.6493664,2
1991245,Horror|Mystery|Thriller,5.54925,4.1470056,2
1512201,Documentary|Drama,3.2929459,1.8398994,4
385677,Comedy|Romance,1.445895,3.0017188,3
388367,Drama|Crime,0.64424175,3.815443,3
172238,Family|Drama,1.0992825,5.0519977,3
118980,Drama,3.9743867,3.432052,2
376543,Comedy|Drama,1.8663769,1.8633916,3
3625970,Short|Drama|Fantasy,6.0659003,2.429187,2
365770,Comedy|Family|Sport,0.43520066,4.03107,3
66017,Comedy|Drama,5.354347,5.3915358,2
50359,Comedy|Drama,1.0920768,5.0160136,3
3619854,Horror|Sci-Fi,5.8010583,3.2045836,2
200930,Family,5.314774,3.0473804,2
165859,Drama|Music|Romance,7.1330466,4.7528834,2
464041,Drama|Mystery|Thriller,0.5204978,4.081468,3
52738,Biography|Drama|Family,0.5187116,2.8343406,3
68011,Comedy|Drama|Musical,6.9666257,3.1384265,2
2123170,Fantasy|Horror,3.711001,4.9800987,5
52924,Adventure|Romance,4.111364,5.16175,5
78480,Animation|Adventure|Drama,5.3143907,3.9047937,2
3064620,Drama|Family,3.0396833,4.094207,12
187712,Drama,3.8272495,4.2154713,2
1292703,Comedy|Crime|Drama,5.591062,2.6073515,2
1515195,Documentary,7.0834594,4.0452504,2
912590,Documentary,1.8999939,2.335135,3
92963,Documentary|War,4.4560223,3.830025,2
1045772,Biography|Comedy|Crime,1.056892,2.5028346,3
1196124,Action|Comedy|Horror,4.389238,4.95815,2
207907,Documentary|History|War,0.4638533,3.8893125,3
22725,Drama,2.488567,3.417062,3
65547,Biography|Western,3.254546,5.520735,5
56370,Drama,3.0232325,6.556326,9
160710,Comedy|Music|Romance,0.9263547,4.7790494,3
2130282,Documentary|Drama|News,3.8861985,1.8353074,4
97858,Comedy|Music|Musical,6.09003,3.949508,2
74300,Action|Drama,6.843438,3.2365768,2
2883448,Crime|Drama|Thriller,3.6221704,6.281385,5
86567,Sci-Fi|Thriller,6.2015524,4.5978055,2
65393,Drama,2.110398,3.5739863,-1
81494,Action|Comedy,2.3878658,5.343256,1
2779318,Adventure|Drama|Family,5.471205,4.672617,2
120609,Action|Comedy|Crime,2.4124339,5.3448853,1
875695,Documentary|Crime|Thriller,2.809636,6.431115,9
1919184,Crime|Drama|Thriller,5.7138267,4.731231,2
1716767,Family|Fantasy,3.4993377,4.274811,2
233911,Drama,5.1882534,5.2841907,2
1640459,Action|Comedy|Horror,5.8679953,4.9510446,2
142234,Animation|Action|Sci-Fi,6.0853233,3.7315443,2
1426352,Horror|Thriller,6.013242,4.669556,2
106267,Crime|Drama|Romance,2.479727,5.9150085,1
466816,Drama|Mystery|Romance,2.8879433,3.0035224,3
2386285,Drama|Thriller,5.2914624,4.5889926,2
101548,Drama|Romance,3.7032566,1.0178471,4
117534,Comedy|Family|Fantasy,4.59295,2.442105,2
1452297,Drama,3.9953809,4.4068937,2
88146,Crime|Drama|Mystery,3.2599413,2.0402017,4
2972362,Action|Thriller,6.187527,5.1357727,2
242423,Comedy|Mystery|Sci-Fi,6.1177597,3.2994533,2
937237,Crime|Thriller|War,3.9077916,6.082558,5
127626,Action|Comedy|Crime,3.9609497,6.019293,5
12408,Drama,3.4725275,4.996098,5
1356763,Documentary|Comedy,3.628677,5.7738614,5
37604,Drama|Romance,3.3028858,0.9791805,4
163624,Drama|Fantasy,3.9635215,6.1607633,5
1633224,Drama,4.751162,3.3321233,2
1045889,Documentary|Romance,2.1097867,3.014661,3
3445270,Documentary|Sport,0.5127481,3.9321778,3
1684911,Short|Drama,3.4814074,5.903353,5
312525,Comedy,0.46284735,3.900943,3
25173,Comedy|Drama|Romance,4.858666,2.9473543,2
44685,Biography|Family|Musical,4.880428,2.235019,2
75432,Adventure|Western,1.2710046,2.3420248,3
93258,Drama|Fantasy|Music,6.6990886,2.555245,2
5351000,Thriller,3.7829828,4.0310717,2
2207072,Comedy,4.293368,2.691673,4
3228360,Documentary|Biography,4.0388393,2.447535,4
216417,Comedy,6.289686,2.7286274,2
1772407,Documentary|Comedy,0.7486002,4.4434156,3
54389,Crime|Drama|Thriller,4.6402082,3.0554988,2
66225,Comedy|Drama,6.040218,4.471296,2
1355631,Biography|Crime|Drama,3.385953,0.7948903,4
1391034,Crime|Horror|Mystery,7.2335587,3.195885,2
4230706,Music,5.9668393,4.969754,2
73631,Action|Sci-Fi|Sport,0.6548451,4.508467,3
2974050,Comedy|Drama|Family,5.3777256,3.0806408,2
133985,Action|Crime|Thriller,6.191779,4.252068,2
58123,Crime|Drama|Romance,4.2260175,3.0899553,2
61176,Comedy|War,1.4016486,3.457314,3
2738050,Comedy|Drama|Romance,1.8209746,2.4736996,3
4160256,Documentary|Drama|Family,2.5919688,5.5719967,1
18097,Horror,5.4951367,4.0437326,2
3659786,Drama,3.2199688,3.1843934,6
36677,Biography|Romance|Western,1.2364748,3.5094936,3
120401,Drama|Horror|Thriller,3.2139776,0.9263937,4
2760634,Drama|Romance,3.7507365,1.2371964,4
3853452,Action|Adventure|Comedy,4.5621567,3.193794,2
3859304,Comedy|Drama,3.3333573,1.8230017,4
57189,Comedy,3.0319989,0.88951963,4
50782,Drama|Romance,3.300878,1.7612144,4
498353,Horror,3.6669846,3.0992846,4
1703957,Biography|Drama,4.3295484,3.7813334,2
94641,Comedy,2.9093428,1.0186516,4
284850,Comedy|Drama|Romance,6.7516093,4.0630364,2
1810633,Animation|Comedy|Family,2.8753324,4.336315,-1
12532,Drama|History|Romance,2.677342,3.1452618,3
76374,Adventure|Crime|Drama,2.352683,4.826181,1
344936,Documentary,3.4919646,5.065428,5
1212448,Animation|Comedy|Sci-Fi,3.8600962,4.5824466,2
3356434,Documentary|Comedy|Drama,6.34327,4.631461,2
98442,Comedy|Drama|Music,0.7655611,4.5657697,3
961722,Comedy|Horror,5.8227916,4.774265,2
1625092,Documentary|Biography,4.2391396,2.4412482,4
1071880,Action|Crime|Drama,2.205642,2.6108725,3
4136636,Adventure|Family,2.9264739,1.3412207,4
142371,Animation|Action|Drama,3.5764537,5.9023976,5
336910,Comedy|Crime,2.7885962,6.449255,9
105402,Action|Adventure|Comedy,6.6012473,3.2362323,2
40876,Action|Adventure|Drama,1.6467311,2.9584064,3
120610,Action|Crime|Drama,5.3188157,5.11786,2
215948,Animation|Action|Sci-Fi,4.628928,4.7438684,2
1001562,Comedy|Crime,3.5061939,2.643433,4
420015,Drama,3.3997123,5.999642,5
34399,Drama|Film-Noir|Thriller,1.7819144,2.0248988,3
3113448,Comedy,2.0586348,2.5366957,3
4334482,Drama,3.4490595,5.3999963,5
12027,Drama|Romance,3.5463367,5.415301,5
51881,Sci-Fi,2.276603,3.0915546,3
1144551,Drama|Romance,6.885133,3.1523328,2
305711,Comedy|Romance,3.2956276,0.86521184,4
1212456,Drama,3.3682032,1.3159226,4
50330,Drama,6.7901807,4.323195,2
1168639,Comedy,4.2751985,5.3064675,5
34965,Comedy|Crime,1.9760776,2.833082,3
2637720,Documentary,4.3048854,5.7683034,5
63823,Animation|Adventure|Comedy,3.561602,5.3241887,5
47580,Drama,1.2170079,3.8789492,3
4593108,Drama|Romance|War,3.3474514,5.640597,5
1850419,Drama|History|Thriller,5.872345,3.2826507,2
109903,Drama|Thriller|Crime,6.694404,4.982605,2
1485749,Drama|War,2.9493508,1.5075924,4
2855648,Action|Drama|History,6.209529,3.5360146,2
5497132,Documentary,6.2006216,5.2343373,2
758730,Action|Horror|Sci-Fi,7.395584,4.174084,2
3142224,Comedy,7.212425,3.4164703,2
391274,Action|Drama,6.4079823,2.850165,2
1791682,Comedy|Drama|Mystery,0.7820671,2.4002798,10
1144815,Comedy|Drama,4.382882,2.6335864,4
93223,Crime|Thriller,3.614319,6.48452,5
48967,Drama,0.60943556,4.1661673,3
1322355,Horror|Sci-Fi|Thriller,2.569568,5.8248577,1
360025,Comedy,0.7117349,4.4830985,3
233230,Crime|Drama,1.9737835,5.1012073,-1
1935065,Comedy|Romance,5.449587,3.570247,2
1508328,Short|Sci-Fi,3.4762611,5.105207,5
1059887,Action|Comedy,2.892232,4.9250317,1
2112206,Biography|Drama|Music,7.0097737,3.5596235,2
1305112,Horror,7.240247,3.5725918,2
120032,Comedy,3.011474,0.938406,4
1810798,Drama,2.5275435,2.3235044,-1
494222,Comedy|Romance,5.5787416,2.4690375,2
3242934,Documentary|Biography|News,4.4281816,5.3469296,5
1954352,Drama|Sport,5.9022284,3.5176468,2
3591946,Family|Sci-Fi,5.4824595,2.4909751,2
169156,Drama|Mystery|Thriller,3.8104763,6.514566,5
69792,Action|Crime|Drama,1.3434341,3.2156234,3
486674,Comedy|Drama,4.239202,4.9620395,2
1384927,Animation|Drama,3.5708454,3.8822544,2
163862,Adventure|Family|Fantasy,6.246822,5.7631283,2
83946,Adventure|Drama,5.704224,3.3621624,2
936471,Comedy|Horror,2.6159048,1.1828899,4
2573750,Action|Drama,6.4023075,2.3766239,2
374639,Adventure|Comedy|Horror,7.0188046,4.374835,2
970468,Comedy|Romance,6.8627267,3.4476817,2
69226,Fantasy|Comedy,3.2907562,1.3487947,4
1532958,Drama|Music,2.4288275,3.4380186,3
346513,Comedy,3.3017879,1.3584961,4
118764,Comedy|Drama|Sport,1.6973132,3.5162544,3
124578,Drama,6.309381,5.78642,2
299937,Drama,1.5676779,2.5086539,3
1295053,Short|Horror,4.852312,6.0065556,5
2366572,Documentary|Music,5.1298833,5.6127186,-1
82719,Biography|Drama,5.5901423,3.8396976,2
106545,Action|Comedy|Sci-Fi,5.388717,4.699135,2
463998,Biography|Crime|Drama,5.013847,4.870745,2
3148502,Comedy|Drama|Romance,5.587113,2.863446,2
120710,Drama|Fantasy|Thriller,2.8644168,6.4221134,9
347167,Action|Adventure|Drama,5.616847,2.293933,2
107148,Drama,5.0752077,2.5135622,2
1278124,Horror|Thriller,6.5724063,4.8606586,2
73496,Biography|Drama|Romance,3.0551558,3.068944,3
57608,Horror|Mystery|Romance,2.6266346,1.215656,4
103110,Biography|Drama|Music,4.2006626,5.6210647,5
331218,Animation|Short|Comedy,2.411527,4.495856,8
82009,Animation|Drama|Music,3.9968388,6.360155,5
52225,Musical|Romance|War,0.87850577,4.0865474,3
429277,Thriller,6.7312417,3.3060646,2
110629,Comedy,6.0416446,2.3124568,2
2429074,Comedy|Romance,3.2991538,2.6124842,4
485701,Horror,1.0860074,5.03769,3
1969175,Drama|Family|Sport,2.3723676,4.9793878,1
3350890,Horror|Thriller,5.758755,4.5878143,2
2326087,Action|Adventure|Comedy,2.8105638,4.783396,1
1519635,Documentary|News,4.344613,4.6688404,2
257497,Drama|History|War,5.3587317,4.610551,2
1176686,Drama,3.2063289,2.3752549,4
117293,Documentary|Crime|Drama,3.1680195,1.0239767,4
300214,Drama,3.3081756,5.7251844,5
107156,Comedy|Drama|Romance,3.3184419,0.93628234,4
84914,Biography|Drama|History,6.619945,3.7929506,2
2275946,Action|Comedy|Crime,4.2926636,4.207263,2
100814,Comedy|Horror,7.147171,3.5273733,2
55894,Horror|Sci-Fi,2.976533,1.7681891,4
1168662,Documentary|Romance,0.7544531,2.3856146,10
375611,Drama,2.5628803,5.7765746,1
90184,Comedy,7.009026,3.826938,2
119664,Action|Comedy|Crime,3.6359282,4.97093,5
172632,Drama,0.485079,3.4519644,3
1540741,Crime|Drama|Thriller,5.9033613,5.134245,2
1172571,Horror|Mystery|Thriller,5.6193266,2.8097243,2
400761,Drama,1.9913386,2.5812016,3
2488496,Action|Adventure|Fantasy,5.7263985,5.2267976,2
61398,Horror|Mystery|Thriller,1.9824612,2.4495733,3
475290,Comedy|Mystery,1.4782623,2.3780582,3
329429,Drama,0.94961935,4.6459064,3
296881,Documentary,2.5798886,2.6886368,3
77594,Action|Crime|Drama,2.2406752,5.681547,7
102307,Crime|Drama,4.8055205,4.8287115,2
35575,Biography|Drama|Musical,1.9955083,2.6695623,3
71089,Action|Adventure|Comedy,0.56218815,4.1819243,3
1293751,Documentary,4.3630385,5.930626,5
1314269,Drama,1.2957444,4.241491,11
878647,Action|Thriller,1.9662861,5.6548905,7
92130,Drama|Romance,2.890411,6.446428,9
1397502,Drama,3.4661205,1.3215886,4
1435513,Comedy|Romance,0.87158686,2.882131,3
106856,Crime|Drama|Thriller,3.9698718,1.1732814,4
368563,Drama|Mystery|Thriller,4.5792265,3.5033386,2
54001,Comedy|Crime|Mystery,1.3928384,3.9033494,3
43686,Drama|War,1.681933,3.1261923,3
339785,Action|Crime|Drama,3.9287415,6.0996675,5
326905,Action|Drama|War,5.022216,3.9278052,2
45787,Romance|Sci-Fi,6.8160706,5.026457,2
5812,Comedy|Short,5.2388954,3.4665544,2
2215221,Drama,3.9229474,1.9627494,4
2387589,Thriller,6.375558,4.684624,2
56969,Comedy,0.44087,3.1910703,3
113580,Comedy|Musical|Sport,3.6796465,4.489117,2
468704,Drama|Romance,5.8309097,4.6140637,2
841046,Comedy|Music,2.616345,2.9684098,3
1528100,Action|Adventure|Drama,4.8846154,3.8851368,2
106535,Drama,4.249415,3.990796,2
98503,Action|Comedy|Horror,6.134344,3.6454453,2
1104814,Drama|Thriller,7.405846,3.6976812,2
1969057,Drama,6.813934,3.230841,2
4125856,Documentary|Biography|Family,4.121928,1.1892292,4
120211,Comedy|Drama|Romance,5.138961,2.1483896,2
210299,Drama|Music,6.1010766,4.42785,2
93286,Horror,4.443233,2.986605,2
46414,Action|Adventure|Comedy,2.3316395,3.9080691,12
869152,Horror|Mystery|Thriller,7.2509246,3.9266772,2
441773,Animation|Action|Adventure,7.0771947,3.1935396,2
795493,Crime|Drama|Romance,2.823246,6.45787,9
808151,Mystery|Thriller,6.908178,4.6600733,2
1758770,Drama|Romance,5.795015,3.1892848,2
91538,Crime|Drama|Romance,1.913534,2.637297,3
1188998,Drama,2.8232415,1.5739444,4
119892,Crime|Drama,5.9419427,5.5058494,2
67439,Drama,4.6255393,4.470524,2
1270291,Sci-Fi|Thriller,2.7309902,6.3987374,9
406728,Action|Adventure|Fantasy,5.69301,3.567018,2
1176740,Comedy|Drama|Romance,4.9257894,2.851634,2
424228,Animation|Adventure|Family,2.2740262,3.6635952,-1
84784,Drama,0.32446218,3.6802406,3
995857,Comedy,5.8744597,2.5720594,2
1210355,Drama|Thriller,1.5010428,2.4445534,3
383518,Drama,2.0578089,3.7440422,-1
1073498,Comedy,5.6892138,3.0751126,2
114671,Drama|War,4.0173593,1.8124498,4
2317524,Action|Adventure|Thriller,2.1641176,5.2603536,1
273719,Comedy|Romance|Drama,3.179783,1.1636149,4
433383,Biography|Drama|History,2.6511803,5.6436615,1
94407,Comedy|Romance,5.686583,3.624262,2
1267297,Action|Adventure,5.487432,4.873207,2
117894,Fantasy|Horror,4.1692815,5.5976014,5
487195,Comedy|Drama,1.9985694,2.3378026,3
354364,Drama|Fantasy|Romance,5.3369594,3.2547944,2
1606392,Comedy|Drama|Sport,5.5504327,3.3474183,2
1029231,Action|Adventure|Romance,5.9486213,3.880966,2
134983,Horror|Sci-Fi|Thriller,6.4969096,3.1418812,2
443708,Drama,1.9327265,2.8397403,3
1655441,Drama|Fantasy|Romance,4.1683903,4.5320644,2
2290151,Documentary|Music,6.1936264,5.0788836,2
458481,Action|Crime|Thriller,5.9331613,4.9765368,2
947810,Action|Drama|Thriller,5.1654634,4.3808436,2
879870,Drama|Romance,5.8307147,4.0789876,2
1845283,Drama|Mystery,2.3742023,5.4795833,1
116736,Crime|Drama|Thriller,5.5143633,4.5250273,2
1734433,Crime|Drama,3.7072537,6.262811,5
1984110,Comedy|Horror,7.2344866,3.3791873,2
466664,Biography|Comedy|Sci-Fi,6.135907,5.7090735,2
56162,Drama,5.649467,3.59098,2
109020,Drama,4.6196074,4.7077565,2
80756,Drama,2.0863938,5.658533,7
120363,Animation|Adventure|Comedy,3.2910285,0.8526385,4
160236,Comedy|Family|Romance,2.2784586,5.1290383,1
480239,Drama|Mystery|Sci-Fi,2.55125,5.0112658,1
444505,Comedy|Crime,6.2779546,3.1965234,2
129358,Horror,0.8821957,4.619989,3
3341832,Drama|Horror|Mystery,6.3096566,3.8302338,2
1817676,Comedy|Drama,0.68574005,3.1082613,3
52303,War|Drama,0.40989888,2.7838986,3
203536,Action|Comedy|Thriller,6.28132,5.409627,2
110722,Drama|Thriller,3.1647522,4.9905014,1
82640,Drama|Romance,1.0254991,4.9978375,3
307507,Action|Crime|Mystery,2.1439562,5.7851677,7
3030354,Thriller,4.282163,5.8548174,5
469913,Drama,5.971484,5.5850616,2
36706,Comedy|Crime|Mystery,1.747747,2.3754988,3
188766,Comedy|Drama|Romance,3.6163673,4.35235,2
110374,Drama|Thriller|Mystery,6.964475,3.4632852,2
80547,Drama,1.4186722,5.122777,-1
2417154,Documentary|Biography|Music,0.7861433,2.4307237,10
98184,Crime|Thriller,4.460101,2.6054485,4
878695,Comedy|Drama|Horror,3.4833083,5.333801,5
479550,Documentary,4.891324,2.5006354,2
102789,Action|Crime|Drama,5.0415397,4.3192663,2
2901736,Drama,2.8842468,1.559638,4
105417,Comedy|Crime|Family,2.1689045,1.8937137,13
99701,Action|Adventure|Horror,1.1558899,4.6792674,3
2086830,Animation|Drama|Thriller,5.814924,4.2649355,2
27690,Drama|History,2.1095371,2.5394053,3
101070,Crime|Drama|Mystery,7.0224795,4.482867,2
117768,Comedy|Adventure,3.4755673,0.8949503,4
94793,Comedy|Horror,7.363519,3.8350167,2
1139643,Documentary,7.119196,4.853848,2
1345772,Crime|Horror|Mystery,5.3086553,2.9813516,2
2114461,Comedy,3.4590423,2.5968819,4
1942884,Documentary,0.8377699,3.1495936,3
91777,Comedy|Crime,1.5692196,1.9639956,3
759509,Comedy,2.6917055,3.879978,12
402378,Comedy|Romance,6.0279512,3.7481005,2
1190722,Documentary|Comedy,4.9203563,5.4247217,-1
964587,Comedy|Family,4.952211,3.2967002,2
1521264,Documentary|Biography,2.7507768,6.3714833,9
193560,Action|Adventure|Drama,3.7501216,5.9267898,5
114666,Crime|Drama|Thriller,4.176398,5.9929585,5
181786,Documentary|War,3.7030756,2.568501,4
113205,Fantasy|Romance,1.2448107,4.732805,3
1716777,Comedy|Drama,2.7155967,2.1824648,-1
1856057,Animation|Fantasy,7.067028,4.737312,2
432972,Drama|Thriller,2.92537,1.5334333,4
1009012,Biography|Drama,4.746192,2.405466,2
209077,Drama,7.4725227,3.6521223,2
272950,Horror,1.217122,2.411912,3
64782,Comedy|Drama|Musical,2.5991175,2.7981136,3
2378587,Documentary,3.4947588,4.392299,2
4120210,Drama,2.9523451,2.8060923,3
1157705,Documentary|Crime,0.7348603,3.588472,3
1815776,Comedy|Horror,7.3657465,3.930294,2
357054,Comedy|Romance,1.6105714,3.8705735,3
117061,Action|Drama|Thriller,0.9350615,4.140164,3
1355683,Biography|Crime|Drama,1.2715678,2.6301234,3
367479,Action|Comedy|Crime,7.1673717,3.1817243,2
253840,Comedy|Romance,2.6443076,4.535053,8
2973516,Crime|Horror|Thriller,5.891489,4.2903285,2
60214,Comedy|Horror,1.374544,4.8184223,3
207145,Comedy,2.159161,2.5655322,3
2085741,Documentary|Biography|Comedy,4.3565135,4.888171,2
800332,Animation|Short|Family,1.4748802,4.6608186,3
2182256,Comedy|Fantasy,4.322286,2.7025523,4
58694,Horror,1.7223431,3.1705043,3
73131,Drama|Thriller,1.3514382,2.7226086,3
97636,Comedy|Crime,5.6508603,4.062783,2
99141,Action|Comedy,6.2732677,5.594395,2
355683,Crime|Drama,6.260281,3.2530668,2
2872810,Drama|Horror|Thriller,5.5988393,4.648002,2
2244901,Comedy|Romance,2.768089,1.3542513,4
2960450,Documentary|Biography|Crime,2.0402231,2.6347618,3
1233301,Action|Adventure|History,4.7659655,5.0675464,-1
1097256,Documentary,3.5340133,6.213022,5
1935828,Comedy,3.4470582,6.322164,5
69113,Action|Adventure|Drama,5.5112696,4.9945464,2
112545,Animation|Family,1.6711607,1.9806281,3
28695,Crime|Drama|Mystery,1.4575844,3.8057673,3
374584,Crime|Sci-Fi|Thriller,0.98516786,3.8664482,3
196499,Documentary,2.7890406,6.4538517,9
2357291,Animation|Adventure|Comedy,6.0218177,3.8037488,2
2180168,Drama,2.5813193,5.091069,1
1756476,Action|Comedy,6.1420913,2.6221905,2
117669,Documentary|Biography|Music,3.8683734,5.199494,5
456117,Comedy,5.8220625,3.7821438,2
1235189,Action|Comedy|Crime,0.77294916,2.4083998,10
1153106,Crime|Drama|History,7.034103,4.422814,2
78227,Comedy|Romance|Sport,0.36828145,3.7659714,3
882977,Action|Drama|Thriller,4.208369,5.749249,5
137226,Animation|Adventure|Romance,2.9763653,4.7200065,1
1583421,Action|Adventure|Sci-Fi,4.4588614,4.2124205,2
41445,Drama|War,6.7852526,5.0386486,2
230512,Documentary|Biography|Music,2.6444871,3.4387257,3
85807,Comedy|Drama,3.8608925,2.107126,4
114550,Comedy|Drama|Romance,6.164978,2.659642,2
70895,Action|Crime|Drama,4.1071296,3.333972,2
21576,Documentary|Short|Comedy,5.882306,3.8077214,2
103994,Drama|Romance,7.06258,3.7646012,2
357470,Drama|Romance|Comedy,4.660609,6.0669546,5
1615091,Adventure|Sci-Fi,6.012997,4.3945093,2
1286784,Action|Crime|Drama,3.6037767,4.98846,5
1571409,Drama,3.3259394,1.4458456,4
4460878,Drama|Horror|Thriller,3.7634816,5.638417,5
7361,Fantasy|Romance,4.0045,2.5453734,4
2072263,Comedy|Drama|Thriller,4.477884,2.9748852,2
103962,Adventure|Biography|Drama,7.0678887,4.0256057,2
212579,Short|Comedy|History,2.2948368,4.000711,12
1110209,Comedy,1.4207913,2.3884482,3
2473510,Horror,6.8885255,5.062374,2
1032747,Drama|Romance|Thriller,3.6545084,6.1043296,5
88206,Action|Adventure|Fantasy,0.6925434,4.5343947,3
337708,Drama,2.4809213,3.079784,3
500140,Documentary|Comedy,3.925838,5.9506693,5
760185,Documentary,5.9687076,3.0531244,2
86200,Comedy|Crime|Drama,5.1327395,4.7920437,2
32612,Drama|History|War,2.7268364,5.046275,1
273069,Crime|Drama|Mystery,6.1726213,5.579485,2
120642,Drama,0.70760196,3.7512894,3
326208,Action|Biography|Crime,6.221994,2.6583822,2
143344,Action|Drama,6.2448826,5.716696,2
264616,Crime|Drama|Thriller,5.229686,5.288827,2
102048,Crime|Drama|Thriller,3.303424,2.5861309,4
1418754,Crime|Thriller,3.638375,5.204519,5
1663625,Comedy|Horror,4.5784645,6.2322745,5
407887,Crime|Drama|Thriller,3.3816416,6.407896,5
5275778,Animation|Action|Adventure,2.8457227,2.5417058,-1
1172994,Horror,7.0526133,4.0255,2
2343371,Comedy,1.3497282,2.9240396,3
1764366,Comedy,1.3092834,3.3129237,3
60747,Action|Adventure|Western,5.9868717,3.136286,2
1456941,Action|Adventure|Drama,4.2987156,5.2523866,5
117202,Crime|Drama,3.8942413,4.199488,2
179205,Documentary,3.5368342,2.1581635,4
90968,Comedy,6.16922,5.655944,2
1332054,Comedy,2.1743476,2.739734,3
1502404,Action|Fantasy|Thriller,6.5845156,4.8798947,2
37280,Drama|Romance|War,1.2926474,3.5702693,3
116931,Comedy|Romance,1.8236225,1.8984516,3
1029161,Short|Action|Drama,5.953365,3.3740983,2
2709784,Biography|Drama,5.619344,4.0701256,2
156639,Comedy,4.223255,3.5245056,2
1638002,Comedy|Romance,5.8979855,4.1958117,2
68850,Comedy|Drama,3.0932631,3.3246315,6
66434,Crime|Drama|Sci-Fi,0.9509777,2.7641025,3
385363,Comedy,2.6444912,2.3927479,-1
75169,Drama,3.6863258,2.2223196,4
63374,Comedy,0.5086133,3.217529,3
2404181,Biography|Drama|Romance,6.087968,3.187924,2
101970,Drama,3.679687,2.4845457,4
104431,Adventure|Comedy|Family,5.85116,3.4027455,2
68284,Fantasy|Horror|Romance,0.7912259,4.164929,3
1666335,Thriller,6.068853,2.817489,2
238588,Drama|History|Romance,3.7674994,4.425518,2
231627,Action|Animation,6.573046,2.8031256,2
1500505,Comedy,3.933595,6.5778537,5
878814,Comedy|Romance,6.443854,2.9647427,2
213035,,4.487959,4.772561,2
1559038,Documentary,5.973895,4.2600536,2
324554,Drama|Mystery|Romance,5.732085,3.995603,2
22436,Drama|Romance,3.9326913,5.0994577,5
1465505,Drama|Horror|Thriller,4.144416,5.893392,5
2370140,Documentary|Biography|Music,2.1662571,5.8635445,7
116834,Comedy|Drama|Romance,5.443608,3.1280818,2
108210,Comedy|Drama|War,4.6036987,4.1546783,2
82835,Comedy|Western,5.7352524,2.4761076,2
2304953,Crime|Thriller,6.1790037,4.1762547,2
113762,Horror|Mystery,7.3899074,3.7918763,2
89164,Comedy,3.2044964,1.5751487,4
30337,Drama,4.288795,4.7255607,2
2815030,Drama|Thriller,7.010173,4.6125875,2
1389096,Comedy|Crime|Thriller,3.4475691,2.6991453,4
119485,Biography|Drama|History,3.6192238,5.689718,5
118623,Drama|Romance,5.9145517,2.6419263,2
52631,Drama|Romance,0.5876726,3.3580248,3
98194,Action|Adventure|Comedy,4.3391213,3.5196314,2
119861,Musical|Romance|Action,4.266972,3.2621613,2
893402,Drama|Fantasy|Sci-Fi,7.131873,4.8874774,2
1210039,Drama,0.3586568,3.571292,3
2064713,Documentary|Biography|Music,5.8626647,5.7316203,2
1242545,Comedy|Drama|Fantasy,2.4511917,2.644581,3
1597522,Adventure|Comedy|Family,4.87742,2.5266964,2
4288,Short|Comedy,5.228656,4.8000402,2
48291,Drama,2.005706,3.194922,3
232083,Crime|Drama|Mystery,5.1303997,2.3989882,2
441733,Drama,0.44905797,4.090368,3
452039,Animation|Adventure|Comedy,2.5916982,5.325708,1
1762248,Comedy|Romance|Sci-Fi,4.8765936,4.8646073,2
480242,Comedy|Drama|Romance,3.321402,0.81261057,4
1838475,Thriller,6.8786907,3.6647508,2
1201561,Animation|Family|Fantasy,4.9977236,2.5608752,2
828393,Drama,4.3938103,5.661234,5
79264,Sci-Fi,1.2526435,3.3694665,3
77630,Adventure|Drama|Romance,6.6760774,2.9958951,2
269461,Biography|Drama|History,3.776088,5.1449156,5
54652,Comedy|Romance,4.111767,3.105987,2
111408,Documentary|Family|Musical,0.70840526,4.346661,3
102116,Drama,7.109126,4.905634,2
59043,Drama|Thriller,0.58682156,4.350036,3
260688,Drama|Crime,3.4914098,0.76854,4
1037033,Documentary|Comedy,1.8617581,5.5540824,7
55992,Comedy|Musical|Romance,2.1800065,3.1855514,3
248568,Adventure|Family,5.923617,2.366323,2
1433528,Documentary,3.2840185,2.5464694,4
3064298,Comedy|Drama|Romance,1.6284692,3.4794161,3
1093374,Drama,4.5985317,3.5907514,2
2188926,Family,6.03718,3.2309241,2
62168,Horror|Mystery|Sci-Fi,2.253131,3.0429857,3
91829,Fantasy|Horror|Mystery,6.440914,3.827096,2
2403419,Thriller,5.6716313,2.6277866,2
4073952,Documentary|Comedy,2.4103937,5.4795985,1
109529,Comedy|Drama,3.8634892,5.852743,5
409379,Crime|Drama|Thriller,2.3710952,2.3824043,-1
13059,Drama|Family|Fantasy,4.242137,2.6350453,4
1097268,Documentary|Crime,2.8418193,6.511408,9
2976920,Biography|Drama|Romance,6.1398582,4.861816,2
2664910,Animation|Short|Adventure,2.322979,1.7630416,13
79239,Drama,3.1418774,5.7682786,5
50112,Drama|Family|Romance,3.4551096,0.920426,4
416675,Drama,6.2633457,3.9885964,2
114279,Drama|War,2.1617794,5.726376,7
44117,Comedy|Music|Romance,2.8670344,1.0906118,4
458522,Biography|Drama|Music,3.9716432,6.323832,5
106681,Crime|Thriller,7.211362,4.113922,2
87056,Drama|Family|Fantasy,5.3666587,4.147185,2
1333994,Documentary,6.4825187,2.4609778,2
116768,Comedy,3.8832936,5.183448,5
114614,Action|Comedy|Sci-Fi,3.200925,4.6185584,1
285441,Drama,4.95672,2.0147617,2
1602476,Comedy|Crime|Drama,5.68777,4.209752,2
47494,Drama|Romance,3.2400007,1.1908828,4
417349,Drama|Romance,6.5859017,4.2330112,2
1597089,Documentary|Biography|History,6.151062,3.6558084,2
73233,Drama,6.284858,4.4259253,2
386741,Animation|Action|Sci-Fi,2.5878391,6.3886013,9
139193,Documentary,3.2740972,1.6751988,4
1866570,Adventure|Drama|Fantasy,4.3999243,5.006541,2
262411,Comedy|Fantasy,4.3151865,3.9488256,2
4126304,Documentary,5.7846603,4.0952435,2
120866,Drama|History|Thriller,6.5525994,2.9440877,2
1629377,Horror|Thriller,4.370538,4.64598,2
44426,Adventure,4.1829534,2.7055292,4
62908,Sci-Fi|Horror|Drama,7.1612597,2.9965575,2
1194235,Drama,2.2266498,1.8868933,13
30018,Comedy|Drama|Romance,3.6956697,1.300771,4
2910814,Sci-Fi|Thriller,2.986629,2.7723076,4
1866249,Biography|Comedy|Drama,3.0202713,4.9246597,1
100152,Horror|Sci-Fi|Thriller,6.334287,5.7133164,2
940657,Animation|Adventure|Family,5.165729,3.683714,2
167132,Action|Thriller,0.34917495,3.5682058,3
207359,Action|Drama|Thriller,4.1210546,2.6415327,4
881909,Documentary,0.54724133,2.91252,3
226935,Drama,3.4171119,5.8125362,5
479046,Documentary|Action|Drama,6.768741,4.971943,2
80180,Adventure|Drama|History,3.325097,4.6596317,-1
172495,Action|Adventure|Drama,5.3829103,4.7917094,2
489279,Horror|Thriller,4.1095552,4.1787114,2
3078242,Drama,5.612513,2.768306,2
179526,Comedy,2.120731,3.2196133,3
4412362,Comedy,5.996568,4.7089953,2
75205,Adventure,6.623092,2.8459609,2
484562,Adventure|Drama|Family,4.858252,2.550717,2
3141912,Action|Thriller,5.9187684,4.300582,2
1062161,Horror|Sci-Fi,2.497985,3.9555507,12
483022,Comedy|Drama,5.622955,3.4740934,2
237539,Comedy|Romance,3.6077876,3.7699184,2
377008,Animation|Action|Comedy,5.251415,3.540452,2
71519,Horror,3.0675805,1.408667,4
79917,Horror|Drama|Thriller,6.6890674,5.2531943,2
1090750,Action|Adventure|Comedy,4.26116,4.672063,2
1344355,Action|Crime|Drama,3.9133937,5.5724416,5
399222,Comedy|Drama|Romance,6.664552,3.403672,2
12190,Drama|Romance|War,1.1564891,4.6911755,3
85496,Comedy|Drama,5.569088,4.4415717,2
203427,Comedy,6.306749,5.803586,2
2459156,Adventure|Drama|Romance,5.8488693,2.924038,2
1906384,Drama,6.6222744,4.2123427,2
98308,Comedy,1.4685097,4.4456434,11
91789,Comedy|Drama,0.8754924,4.7968464,3
120660,Action|Thriller,5.861654,4.0470843,2
101254,Documentary|Biography,7.2877,3.5775063,2
54248,Crime|Drama|Sport,7.1713223,3.8523684,2
3472226,Short|Action|Comedy,6.2703714,3.0882473,2
1580021,Drama,2.8346405,6.2799134,9
297814,Documentary|Action|Biography,3.7653732,6.37866,5
477348,Crime|Drama|Thriller,7.117488,4.4380946,2
145891,Animation|Comedy|Western,3.3076289,2.258922,4
826099,Action|Crime|Drama,4.8262825,3.4437833,2
351299,Crime|Drama,6.9945955,3.4808178,2
2073029,Documentary|Biography|History,5.3075814,2.4681487,2
93229,Action|Comedy|Crime,5.040142,3.3472064,2
262774,Drama,2.9780476,3.2068052,3
41506,Crime|Drama,2.8654203,3.9632587,12
223783,Crime|Thriller,4.4756513,3.1525273,2
2061712,Action|Thriller,0.68949264,3.0241787,3
98078,Fantasy,5.363322,4.7714987,2
2404435,Action|Adventure|Western,4.891397,3.0145166,2
1897945,Comedy|Romance,1.1089698,2.634983,3
308208,Action|Crime|Sci-Fi,3.8291721,6.562781,5
997047,Adventure|Comedy|Drama,3.4703376,5.5277004,5
318590,Biography|Music|Romance,3.8370218,4.962688,5
1343712,Animation|Action|Drama,5.018442,2.2101681,2
1320291,Horror|Thriller,2.5863492,5.2430034,1
307385,Documentary,2.8519435,5.166501,1
23800,Animation|Short|Family,3.0623503,6.6421223,9
26276,Comedy|Drama|Romance,4.5896564,3.931071,2
427914,Drama|War,4.1416073,3.2875714,2
254334,Thriller|Drama|Action,1.0140855,2.768208,3
52880,Comedy|Sci-Fi,6.219165,5.393131,2
500166,Animation|Short|Family,4.4512873,3.4033,2
28676,Comedy|Drama|Romance,5.965062,3.06348,2
892375,Documentary|Music,3.7613554,6.4026866,5
82280,Drama,4.085648,3.347183,2
111488,Thriller|Crime|Drama,3.5790758,6.403785,5
1791528,Comedy|Crime|Drama,6.392918,4.2856984,2
3983266,Comedy|Romance,0.5717362,3.9658766,3
362225,Crime|Drama|Mystery,1.6057924,2.3846657,3
270841,Action|Drama|Sci-Fi,1.1175163,2.6763728,3
1548559,Comedy,3.5085905,2.4621708,4
500177,Animation|Short|Family,0.44085607,4.182584,3
805564,Comedy|Drama|Romance,4.0388713,2.582552,4
2241605,Crime|Mystery|Thriller,7.113031,3.5235553,2
120657,Action|Adventure|History,6.4979115,4.979739,2
118566,Comedy|Drama|Romance,0.5134205,3.2565496,3
116745,Crime|Drama|Music,6.8266883,5.0250173,2
314630,Drama,4.157058,5.992753,5
2473794,Biography|Drama|History,1.3392117,2.5698876,3
377515,Documentary|Comedy,0.43177763,3.9064267,3
452011,Drama|History,5.7519426,4.4675975,2
1925421,Drama,3.5014598,6.5273757,5
86141,Action|Adventure|Sci-Fi,2.1347888,3.098803,3
839856,Comedy,0.7506195,2.3739014,10
112364,Drama,6.811347,4.5967684,2
3481550,Comedy,4.068459,6.207706,5
816671,Animation|Action|Comedy,1.1718296,4.8383894,3
2112999,Documentary|Comedy,4.0312233,6.144687,5
796355,Action|Crime|Drama,1.0493529,2.7365236,3
1964418,Action|Adventure|Family,3.9057248,4.4096947,2
2192200,Drama,4.108813,6.269511,5
325352,Comedy|Musical|Romance,5.0377336,2.7647104,2
67451,Adventure|Comedy,2.3269083,2.9544818,3
1797348,Drama,2.4942756,4.4854836,8
1814930,Documentary|Comedy,3.8064868,2.913727,4
1781922,Action|Thriller,2.6024616,3.908135,12
2049586,Documentary|Biography|Family,6.0740314,4.8788977,2
1937264,Drama|Romance,4.1922975,3.3746998,2
166503,Drama,3.5715625,1.7542657,4
328509,Drama|Romance,1.6503159,2.6436446,3
286285,Animation|Documentary,5.782307,2.82894,2
1780762,Action|Adventure|Horror,3.6834428,2.2165911,4
1673423,Adventure|Comedy|Fantasy,3.166787,6.5125546,9
287092,,0.40184063,3.5186002,3
119434,Comedy|Romance,4.8269906,3.250056,2
19254,Biography|Drama|History,3.7165608,2.769071,4
365748,Comedy|Horror,5.7812443,4.2793493,2
427312,Documentary|Biography,6.5947075,4.3241634,2
80556,Drama|Romance|Music,3.4911375,2.5430033,4
816556,Drama|Horror|Mystery,6.1010623,4.2553515,2
1316616,Biography|Drama|War,1.1121062,5.1106925,3
192111,Comedy|Mystery|Romance,1.0035357,3.3205512,3
1608285,Drama,0.54964924,4.042336,3
141369,Action|Adventure|Comedy,6.1259365,4.6573496,2
1063336,Crime|Mystery|Thriller,7.1092944,2.92606,2
387682,Documentary,2.328854,6.0912814,-1
1018723,Action|Comedy|Romance,1.4343182,3.2058036,3
85656,Biography|Drama|Romance,0.50250494,4.050942,3
2402619,Comedy|Crime|Romance,2.0181034,2.455026,3
73424,Drama,6.366853,2.5081863,2
455957,Biography|Drama|History,3.6947587,6.195063,5
210149,Drama,5.1238422,3.2432907,2
439547,Biography|Drama|History,0.97302,4.8481765,3
840358,Documentary|Music,5.9300337,4.8837748,2
1450364,Comedy,4.7746096,4.6978674,2
15493,Drama,5.8257256,4.9683127,2
1568341,Comedy|Crime|Drama,4.516961,5.4773536,5
366551,Adventure|Comedy,3.2798047,0.9146559,4
880578,Crime|Mystery|Thriller,6.343712,5.532546,2
90185,Biography|Drama,1.2197292,3.0878003,3
1225831,Drama|Mystery,4.801139,4.431416,2
490076,Horror,5.034737,3.9540226,2
4157220,Documentary|Biography|History,5.4905343,3.1499104,2
19886,Adventure|Drama|Romance,0.7459582,4.625364,3
1970039,Documentary|History|News,4.0286703,5.9069295,5
51994,Action|Biography|Drama,1.5144348,3.851743,3
772185,Comedy|Fantasy,3.8453755,1.5214001,4
111792,Adventure|Drama|Family,1.815278,3.0540836,3
133412,Crime|Drama|Thriller,4.55355,5.874862,5
217355,Drama|Mystery,5.74798,2.2269068,2
98635,Comedy|Drama|Romance,1.4611509,2.4147637,3
4056808,Documentary|Drama|News,2.5462584,4.3560047,8
143350,Drama,6.7095532,5.2449365,2
144120,Comedy|Horror,2.7693377,5.7273784,1
95631,Action|Comedy|Crime,2.4238791,1.5302844,13
439533,Animation|Action|Adventure,3.1610887,2.6430347,4
423849,Animation|Adventure|Family,0.42432532,4.1293073,3
1999141,Action|Adventure|Fantasy,4.453073,4.94757,2
1672621,Drama|Family|Western,2.4804165,4.879881,1
937347,Action|Crime|Thriller,3.9647653,6.1379943,5
4322280,Documentary|Short,1.0715584,2.465465,3
4485246,Documentary|Animation|Biography,4.591129,4.0766783,2
87480,Horror|Sci-Fi|Thriller,4.9816675,3.612506,2
1127884,Documentary|Music,5.7476816,4.045777,2
1135983,Action,5.028004,3.6699617,2
1153053,Comedy,6.490393,2.4121804,2
804550,Action|Adventure|Crime,1.2493187,3.3104444,3
55998,Biography|Drama,1.3117213,3.7572467,3
390299,Documentary|Biography|History,3.3042853,3.1061075,6
2258345,Comedy,1.0267622,4.957907,3
962774,Comedy|Drama,5.084304,2.5363948,2
396190,Drama|Thriller,1.7695359,2.3332677,3
2276480,Adventure|Family,3.0879586,1.412293,4
2652118,Action|Adventure|Drama,4.5166645,5.091317,2
402014,Crime|Drama|Thriller,2.6456962,3.8114312,12
409799,Short|Comedy|Drama,2.575377,4.5203695,8
1552639,Documentary|Comedy,4.1546345,6.2077603,5
86889,Comedy|Drama|Fantasy,2.3819792,3.2898316,3
2106741,Action|Drama|Mystery,5.876658,4.506911,2
363240,Music|Sci-Fi,5.8474045,4.8722043,2
461179,Comedy,2.1216633,2.9858966,3
1504319,Romance|Thriller,5.037258,6.029386,-1
53882,Adventure|Family|Fantasy,3.0450208,1.3683105,4
41662,Comedy,2.197203,2.5497212,3
420206,Comedy|Drama|Romance,4.0764956,1.3187453,4
24034,Comedy|Musical|Romance,0.92410564,4.1443357,3
427042,Biography|Comedy|Drama,5.7483034,4.065595,2
1837562,Comedy|Drama|Romance,3.493253,0.96117145,4
47873,Biography|Drama|Music,5.0843797,3.038548,2
39420,Comedy|Drama|Fantasy,0.36739075,3.8214595,3
2442526,Biography|Music|Romance,4.544647,4.6426945,2
1655424,Drama,4.3372355,4.213885,2
57071,Western|Comedy,0.41431588,2.8320365,3
1276996,Documentary,0.25975192,4.1582203,3
964516,Drama|Romance,6.3614545,2.3709486,2
416044,Adventure|Biography|Drama,5.441764,3.8186295,2
889134,Comedy|Drama,1.4045665,2.4205348,3
1248290,Comedy|Drama,3.2863438,0.99708503,4
3106120,Horror,6.331906,4.701915,2
40458,Drama|Family,1.9262239,2.3458376,3
79574,Action|Adventure|Sci-Fi,1.71093,3.2761395,3
2556114,Romance|War,6.2952995,3.4741821,2
1172063,Drama,3.7038028,6.331698,5
1188983,Crime|Drama|Thriller,4.613804,3.8094537,2
452644,Adventure|Comedy|Drama,2.6843007,4.2655897,8
358590,Drama|Romance,4.7988772,3.6994286,2
1235807,Comedy|Drama|Romance,2.4633183,2.8599944,3
353671,Drama,1.8126458,5.2793717,-1
94897,Documentary|History,1.6326704,3.9374187,3
65724,Drama,0.77639955,3.9896028,3
2859246,Animation|Sci-Fi,3.628989,4.2884045,2
296712,Family|Adventure|Crime,6.8190036,3.9461603,2
389557,Drama|Thriller|War,5.272104,5.4129777,2
119578,Comedy|Drama|Romance,6.134684,5.7593203,2
221559,Drama,2.7436693,4.8286595,1
303307,Documentary,3.2489662,3.5471644,-1
31973,Adventure|Drama|History,3.9570832,2.7429109,4
94791,Action|Adventure|Drama,4.5109057,5.791025,5
110016,Fantasy|Action|Adventure,5.8698063,2.4246082,2
393685,Comedy|Fantasy|Horror,2.457914,3.4585786,3
22689,Adventure|Romance|Drama,4.2355294,3.7659707,2
8523,Comedy|Short,4.8767867,2.9521701,2
120780,Crime|Drama|Romance,0.7508731,3.7210746,3
82495,Horror,3.4905312,6.67812,5
3043386,Adventure|Comedy|Family,4.7498355,3.7852993,2
282667,Comedy,1.2054929,4.6851273,3
1965065,Comedy|Romance,2.2748003,1.8515544,13
893397,Drama|Romance|Thriller,0.6462033,4.459615,3
1835955,Drama|Sci-Fi|Thriller,3.5740008,1.3995016,4
1659343,Action|Horror|Mystery,6.054577,4.3465276,2
82948,Comedy,1.0358583,2.905543,3
109421,Drama|Romance,3.501513,3.279943,6
93811,Western,3.7792466,4.0591774,2
1180333,Mystery|Thriller,3.7595549,1.6756958,4
119190,Action|Adventure|Comedy,3.3929675,3.818044,2
2951788,Drama|Mystery|Romance,4.3753757,4.9882975,2
318126,Drama,1.8259311,2.7255886,3
796307,Adventure|Drama,5.000358,2.0613856,2
2273657,Crime|Drama|Mystery,3.9117742,2.4382813,4
5143700,Animation|Comedy|Family,4.330947,1.681278,-1
2343847,Drama,5.099167,4.1242795,2
92173,Drama|Romance,0.51271915,4.4534435,3
1198385,Drama,1.1934857,2.6210299,3
1268970,Drama|Thriller|Western,1.6238233,2.5712247,3
89679,Drama|Horror|Thriller,1.1155572,3.7899394,3
4000956,Comedy,4.3947053,3.3978257,2
462246,Documentary|Fantasy,3.12674,0.961203,4
2521188,Drama,6.4334526,3.713124,2
3708886,Action|Comedy,4.4305162,4.630954,2
1139664,Comedy|Drama,0.6092108,3.5673509,3
49537,Drama,4.27735,3.1639154,2
155833,Drama|Crime|Romance,0.9272275,2.9000301,3
59287,Comedy|Musical,1.8274916,2.4913144,3
111112,Drama|Family|Fantasy,4.372974,1.6211807,-1
3040224,Comedy|Horror,6.52412,3.9752626,2
465234,Action|Adventure|Family,6.093256,4.329413,2
82145,Drama|Western,0.3064924,3.5136135,3
2925768,Drama,6.150368,5.610696,2
2818178,Drama|Horror|Mystery,4.603445,4.6737413,2
68835,Comedy,1.4873183,2.4907577,3
190419,Crime|Drama|Thriller,6.0188823,3.8954961,2
69368,Drama,1.9142274,3.006877,3
796307,Adventure|Drama,5.0214763,2.0594506,2
1279935,Comedy|Crime|Romance,5.6043277,2.73942,2
420740,Drama|Thriller,6.992593,3.6070845,2
2395385,Sci-Fi|Thriller,6.273049,2.7580786,2
40321,Drama|Romance,0.84816164,4.80999,3
409673,Comedy|Romance,1.2750366,2.3142767,3
18972,Drama|Romance|Thriller,1.3647684,2.2444477,3
478116,Documentary,3.4485157,1.4417324,4
1946421,Documentary|Biography,6.72533,3.750139,2
73008,Comedy|Crime|Romance,0.4657204,3.8877792,3
168355,Adventure|Drama|Romance,0.96352524,4.89189,3
63442,Adventure|Sci-Fi,0.6633654,3.9811413,3
28315,Musical|Adventure|Family,2.9618895,4.0433574,12
120882,Comedy|Fantasy,3.2998042,0.89987737,4
1453403,Crime|Drama,7.4258947,3.7586112,2
309593,Horror|Thriller,2.7034595,6.4490433,9
913401,Action|Adventure|Comedy,2.4872465,6.2960877,9
293525,Documentary|Biography,1.164734,2.6844735,3
134821,Crime|Drama,4.399394,2.7586122,4
1201607,Adventure|Drama|Fantasy,6.2703285,3.9912145,2
2634236,Documentary|History|Thriller,3.873438,2.3862824,4
1185598,Documentary,5.2860827,4.4437723,2
1747960,Comedy,3.9305713,6.3464627,5
4034452,Drama|War,5.217471,3.719901,2
170982,Action|Adventure|Fantasy,4.9211664,2.6858099,2
431308,Drama|Romance,0.8520396,2.289367,10
2140429,Comedy|Horror,5.8976407,3.6805289,2
59079,Action|Crime,6.68191,2.7744117,2
75029,Western,0.40848485,3.6055408,3
146496,Documentary,2.5123866,5.2560925,1
2640474,Drama|Horror|Mystery,7.3453145,3.6964242,2
151513,Comedy,7.2050223,3.9874408,2
164184,Action|Drama|Thriller,6.8573084,5.0068946,2
1646876,Drama|Family|Fantasy,4.5308456,3.570668,2
825239,Crime|Romance,5.19669,5.3285775,2
1089677,Sci-Fi,5.323287,3.597466,2
3577624,Comedy|Drama|War,6.542718,4.132094,2
480163,Drama,2.4770474,1.8586886,13
756727,Documentary|Biography|Music,0.79052657,4.7350817,3
3336368,Animation|Adventure|Comedy,4.792898,2.7717626,2
92115,Comedy|Fantasy|Horror,6.318875,5.346907,2
81059,Biography|Drama|History,2.5873103,6.3272758,9
1229827,Documentary|Music,4.8593345,3.4120479,2
31981,Biography|Drama|History,0.47508296,3.9194906,3
893382,Documentary|Biography|Music,3.575108,5.3576636,5
3726704,Biography|Drama|History,3.9854975,6.5367904,5
40740,Action|Drama|Film-Noir,1.4001559,4.1345406,11
97152,Family|Adventure|Drama,6.38377,2.3862507,2
84750,Action|Adventure|Fantasy,6.431981,2.8038955,2
69226,Fantasy|Comedy,3.3688219,1.423987,4
475241,Drama|Romance,6.253128,5.666002,2
2296935,Animation|Adventure|Family,3.8925035,1.7631286,4
23236,Horror,0.7879394,4.6595225,3
31398,Adventure|Comedy|War,1.9813969,3.3018992,3
213968,Horror|Fantasy,3.9802535,6.408885,5
1410272,Drama,4.619111,4.493384,2
476519,Comedy|Drama,4.6537375,3.8729663,2
804492,Comedy|Romance,0.4373445,4.293442,3
29984,Comedy|Crime|Horror,3.7534482,2.948609,4
362538,Thriller|Drama,5.999045,2.5424597,2
3040528,Documentary,3.7137678,1.4746717,4
3083008,Biography|Drama|Sport,3.6638575,6.398101,5
445396,Comedy|Drama|History,3.466252,6.5965896,5
4446318,Thriller,3.9340508,4.314772,2
86420,Drama,6.04896,4.2094274,2
110123,Comedy|War,3.8901591,1.9325755,4
1426361,Drama,3.2834175,2.9503622,-1
2717860,Drama|Thriller,3.578613,1.4494638,4
1270262,Biography|Drama|Thriller,5.959471,3.435667,2
88108,Crime|Horror|Thriller,2.5702207,3.8080962,12
289390,Drama,6.8462,4.0177474,2
413879,Comedy|Romance,2.4726863,1.7402223,13
97373,Crime|Drama|Thriller,1.6307856,5.548394,-1
450232,Action|Crime|Drama,0.74880284,2.41575,10
14605,Drama|Romance,6.181329,3.9549055,2
191996,Crime|Thriller,3.7108572,5.1060624,5
112342,Family|Adventure|Drama,4.428921,3.8726115,2
1193088,Comedy|Drama,3.169852,2.1357617,4
220672,Comedy|Music|Romance,7.003006,3.1837656,2
1344315,Documentary|Biography|History,3.801956,6.5074353,5
158466,Drama|Family|Romance,3.5512729,0.8035507,4
2378281,Comedy|Drama,3.1214435,0.8858968,4
118214,Sci-Fi,4.209211,5.499292,5
2182972,Drama|Music,6.642557,4.7593703,2
1442519,Drama,6.023603,3.9015005,2
1092082,Drama|History|Romance,3.872563,6.175712,5
57831,Comedy|Drama,0.8786477,4.7320733,3
4038670,Drama|History|Romance,3.5636232,2.456054,4
91981,Action|Adventure|Drama,0.6582768,4.522966,3
497432,Horror,4.282495,3.7012417,2
35259,Comedy|Music|Musical,1.6567168,1.9144806,3
360717,Action|Adventure|Drama,6.4356284,4.7988157,2
460780,Action|Adventure|Fantasy,3.0592031,4.791176,1
1028576,Biography|Drama|Family,7.1975474,3.8303883,2
266408,Action,6.820321,3.9338012,2
116404,Drama|History,4.7594867,2.622312,2
94383,Comedy|Horror,0.62955403,4.582862,3
499262,Drama,5.661603,3.3535676,2
1176096,Drama,5.8317666,5.659875,2
102825,Drama|Musical|Romance,2.1574385,4.767293,1
451079,Animation|Adventure|Comedy,5.0477414,3.892212,2
2062989,Documentary|Biography,5.801118,3.3677514,2
87482,Comedy|Drama|Romance,5.624295,3.9961073,2
111019,Drama,6.6809072,5.203013,2
1020072,Biography|Drama|History,0.71679115,2.5111086,10
93773,Action|Sci-Fi|Thriller,6.02977,5.118035,2
814685,Horror|Thriller,4.039622,6.1222806,5
314039,Drama,5.9309244,4.567226,2
46451,Crime|Drama,4.119639,3.1887865,2
318627,Action|Horror|Sci-Fi,5.445837,3.576284,2
3214310,Biography|Drama|History,4.5722423,5.8570414,5
1915581,Comedy|Drama,3.8076963,6.2429748,5
1724965,Adventure|Fantasy|Horror,7.0248346,4.5859013,2
87072,Comedy,2.3650281,3.1295135,3
82998,Crime|Drama|Horror,5.5096564,2.966395,2
305357,Action|Adventure|Comedy,5.1606374,5.2247787,2
906665,Action|Western,4.143422,2.2934968,4
1839522,Drama,4.0428514,2.363846,4
425061,Action|Adventure|Comedy,0.4768993,3.3009999,3
311913,Comedy|Romance|Action,5.7672973,3.482313,2
291579,Romance|Thriller,5.2970896,4.9975057,2
66490,Drama,2.892245,1.0487759,4
112955,Comedy,2.9718533,0.86778915,4
107206,Action|Drama|Thriller,5.253395,3.1484113,2
328962,Documentary|Comedy,6.1427317,5.6206646,2
2797190,Mystery,2.2980585,5.288937,1
1907707,Crime|Drama,5.7913723,5.7874975,2
36348,Crime|Mystery|Romance,1.4030306,4.3458767,11
944834,Animation|Adventure|Family,3.9356883,1.2022008,4
94921,Comedy|Romance,0.8863222,4.8711715,3
1772980,Drama|Sci-Fi,3.5941374,0.9679327,4
790706,Documentary|Romance,5.8097763,5.6368036,2
22395,Drama,5.0153723,4.338475,2
3395582,Drama|Mystery|Thriller,3.495799,3.2625425,6
116728,Animation|Family|Musical,3.3490233,3.9220092,2
72856,Action|Comedy|Sci-Fi,1.7309476,2.1991844,3
116920,Drama,3.1135688,3.4114559,6
113987,Biography|Drama|History,7.190273,3.5116215,2
876233,Drama|Romance,2.8897612,3.744297,12
188082,Action|Crime,7.1291394,3.1008577,2
18218,Drama|History|Romance,7.157783,4.0104713,2
110857,Comedy|Crime,1.7109948,1.8570265,3
47026,Biography|Drama|History,4.173772,3.7339458,2
91651,Horror,6.493673,4.812815,2
95333,Thriller,2.0832322,5.7939587,7
1613062,Drama,3.6994948,2.0774696,4
281634,Animation|Adventure|Family,3.1739848,3.4269633,6
1686782,Drama|Romance,0.38506866,4.1134276,3
313911,Action|Adventure|Comedy,3.5248902,5.099314,5
64193,Thriller,0.3285466,4.22514,3
66927,Comedy,0.8194671,3.5232327,3
104107,Drama|Sport,1.8857305,1.8331221,3
986323,Comedy|Drama|Romance,1.6598594,2.816303,3
2180333,Horror|Mystery|Thriller,2.538904,5.8635473,1
1738387,Crime|Mystery|Thriller,4.69439,5.030567,2
1556690,Documentary,2.4008744,3.913211,12
1033575,Comedy|Drama,6.78436,3.501642,2
146990,Drama|Romance,3.9773479,6.2340302,5
86074,Action|Adventure|Fantasy,6.192921,4.521999,2
112403,Comedy,6.0462055,3.7651937,2
100281,Animation|Adventure|Family,6.4714236,2.7383244,2
3178174,Animation|Drama|History,4.968821,4.556667,-1
52733,Crime|Drama|Thriller,0.8634759,3.151974,3
2104852,Drama,4.823849,2.511183,2
465375,Comedy|Drama|Romance,3.3333983,1.1553148,4
1322277,Action|Biography|Drama,5.3954887,4.270428,2
116714,Drama|Romance,3.0538216,0.8416694,4
103873,Comedy|Horror,4.112455,4.555888,2
430308,Biography|Crime|Drama,4.174837,3.745681,2
110649,Comedy|Drama,3.2398107,0.8799942,4
143751,Comedy|Drama,3.4520614,2.8747623,4
72684,Adventure|Drama|History,0.82291067,2.5312982,10
387989,War|Action|Drama,6.5452657,4.1534624,2
281938,Biography|Drama|Sport,0.8213298,4.248701,3
1943765,Drama|Romance,6.0103498,3.1407254,2
1345777,Comedy|Drama|Romance,0.9024323,4.534149,3
61414,Comedy|Romance,5.2745867,3.0790882,2
1990216,Action|Drama,3.1438038,6.290794,-1
116118,Adventure|Drama|Sci-Fi,7.187353,3.5805984,2
1670627,Comedy|Romance,3.7332678,3.7929685,2
